gender,first_generation,underrepresented,avg_sleep_hours,daytime_sleep_minutes,sleep_midpoint_minutes,bedtime_variability,nights_tracked_fraction,prior_gpa,term_gpa
Female,0.0,0.0,6.17,11.7,500.3,0.05,0.931,4.0,3.76
Female,0.0,0.0,6.78,49.7,359.5,0.0476,0.862,4.0,3.55
Female,0.0,1.0,4.23,178.5,398.2,0.1639,0.586,3.0,3.59
Female,0.0,0.0,6.86,26.1,532.1,0.7854,0.931,3.8,3.46
Female,0.0,1.0,6.8,71.6,354.0,0.1538,0.931,3.17,3.5
Male,1.0,1.0,5.78,78.1,541.3,1.0689,0.724,2.37,2.54
Male,0.0,0.0,5.67,42.5,492.5,0.6244,0.759,3.4,3.5
Male,0.0,1.0,6.91,38.0,467.3,0.4093,0.931,2.53,2.4
Male,0.0,0.0,6.35,34.7,446.8,0.1745,0.966,2.79,3.37
Female,0.0,0.0,7.17,19.4,471.7,0.4159,0.828,4.0,3.61
Female,0.0,0.0,5.96,35.4,431.5,0.1069,0.862,4.0,3.44
Male,1.0,1.0,7.46,23.4,267.8,0.04,1.0,4.0,3.81
Female,0.0,0.0,6.7,52.9,444.3,0.0451,0.931,3.79,4.0
Female,0.0,0.0,5.26,18.5,436.2,0.1719,1.0,3.2,3.63
Female,0.0,0.0,6.13,10.6,425.3,0.1882,1.0,3.57,3.81
Female,0.0,0.0,6.11,35.6,406.2,0.6453,0.931,3.7,3.57
Female,0.0,0.0,7.59,23.5,434.1,0.1099,0.897,4.0,4.0
Female,0.0,0.0,5.51,40.3,551.2,0.7578,0.655,2.92,3.12
Female,0.0,0.0,6.78,11.0,391.4,0.3475,0.897,3.74,3.81
Male,0.0,0.0,5.84,32.0,349.4,1.24,0.793,3.29,3.39
Male,0.0,0.0,5.96,30.9,451.5,0.2978,0.759,3.59,3.38
Female,0.0,0.0,7.59,26.9,308.5,0.0242,0.966,3.48,2.98
Female,0.0,0.0,4.98,28.3,415.0,0.5407,0.724,4.0,4.0
Female,0.0,0.0,5.72,24.5,493.5,0.1737,0.897,3.07,4.0
Male,0.0,0.0,6.28,6.2,473.5,0.0854,1.0,3.48,3.46
Female,0.0,0.0,6.63,19.0,502.7,0.4645,0.379,4.0,4.0
Male,0.0,0.0,6.86,55.4,459.0,0.1208,0.828,3.77,3.57
Male,0.0,0.0,7.04,72.3,402.2,0.2994,1.0,3.22,3.58
Female,0.0,0.0,4.72,30.7,585.2,1.9888,0.621,3.81,3.56
Male,0.0,0.0,7.09,52.9,375.2,0.1063,1.0,3.74,3.81
Female,0.0,0.0,5.64,13.9,424.4,0.1341,0.966,3.4,3.81
Male,0.0,0.0,6.03,31.1,415.0,1.217,0.724,3.8,3.61
Female,0.0,0.0,7.12,46.2,487.5,0.1257,0.862,3.76,3.72
Female,0.0,0.0,6.63,58.8,374.6,0.1244,0.448,3.6,4.0
Female,0.0,0.0,6.9,47.1,408.0,0.1976,0.966,3.79,3.0
Male,0.0,0.0,5.67,25.1,489.2,0.0994,0.931,3.56,3.59
Female,0.0,0.0,6.23,34.5,383.4,0.0624,0.862,3.29,3.28
Female,0.0,0.0,7.54,82.3,407.1,0.6102,0.517,4.0,4.0
Female,0.0,0.0,5.02,21.2,486.2,0.2097,1.0,3.58,3.24
Male,0.0,0.0,4.39,42.3,533.1,2.7586,0.586,3.21,3.05
Female,0.0,0.0,6.58,16.0,342.8,0.0283,1.0,4.0,4.0
Male,0.0,0.0,4.72,40.5,669.7,4.2554,0.517,3.6,2.18
Female,0.0,0.0,6.42,57.4,369.0,0.299,0.862,3.12,3.6
Female,0.0,0.0,7.08,8.5,373.9,0.1536,0.966,3.81,3.59
Female,0.0,0.0,5.69,34.3,409.5,0.2535,0.931,3.49,3.6
Female,0.0,0.0,5.83,36.8,540.6,0.8066,0.655,2.65,3.49
Female,0.0,0.0,6.68,37.0,405.8,0.8294,0.828,3.25,2.49
Female,0.0,0.0,6.78,24.7,385.3,0.1071,0.966,3.52,3.45
Male,0.0,0.0,6.81,22.7,411.4,0.2671,0.966,2.86,3.78
Female,0.0,0.0,5.6,85.8,477.1,0.7187,1.0,3.78,3.8
Female,0.0,1.0,3.66,136.2,396.5,0.5227,0.552,2.78,1.5
Female,0.0,0.0,8.02,19.1,349.2,0.0421,0.966,4.0,4.0
Male,0.0,0.0,6.86,10.8,335.7,0.0188,1.0,4.0,4.0
Female,0.0,0.0,7.14,7.1,361.6,0.1113,0.655,3.69,3.76
Female,1.0,0.0,4.95,60.6,466.8,0.647,0.69,4.0,4.0
Female,0.0,0.0,7.02,17.9,453.1,0.0839,0.586,4.0,3.53
Female,0.0,0.0,5.85,45.4,476.6,0.9002,0.862,3.55,2.6
Male,0.0,0.0,6.55,36.5,401.8,0.029,0.966,4.0,4.0
Male,0.0,0.0,7.19,35.8,445.6,0.1703,1.0,4.0,3.42
Female,0.0,0.0,6.17,32.8,627.6,0.3768,0.931,3.57,3.0
Male,0.0,0.0,7.13,67.9,401.1,0.1666,0.966,4.0,4.0
Female,0.0,0.0,5.8,62.4,533.1,2.7628,0.724,3.8,3.59
Male,0.0,0.0,6.56,52.8,393.3,0.1102,0.862,3.78,3.81
Male,0.0,0.0,6.63,39.2,411.0,0.42,0.931,3.56,4.0
Male,0.0,0.0,7.12,28.5,457.3,1.3981,0.655,3.8,4.0
Female,0.0,1.0,6.8,54.4,348.7,0.0441,1.0,2.49,2.84
Male,0.0,0.0,7.02,25.7,330.6,0.0494,0.655,3.77,3.79
Male,0.0,0.0,6.47,44.2,398.9,0.1833,0.759,4.0,4.0
Male,1.0,0.0,4.17,80.8,628.0,2.5669,0.793,3.58,2.55
Male,1.0,1.0,5.35,18.3,471.7,2.0339,0.724,4.0,3.63
Male,0.0,0.0,7.14,32.6,477.9,0.7811,0.966,2.36,2.79
Female,0.0,0.0,6.93,64.6,432.0,2.1962,0.897,3.17,2.8
Female,1.0,0.0,5.23,65.0,402.0,0.1853,0.793,2.98,3.28
Male,0.0,1.0,7.62,30.9,535.4,0.4892,0.931,1.7,2.47
Male,0.0,0.0,6.76,40.1,442.7,0.1037,0.897,3.52,3.57
Male,0.0,0.0,6.89,44.3,407.5,0.2896,0.966,3.0,3.53
Female,0.0,0.0,6.91,18.5,424.9,0.0368,0.897,3.8,4.0
Male,0.0,0.0,7.42,67.5,425.8,0.3212,0.893,3.196,3.9
Female,1.0,0.0,9.79,64.5,380.3,0.4222,0.214,3.321,3.833
Female,0.0,0.0,7.46,28.2,372.3,0.1173,0.929,3.767,3.5
Female,1.0,0.0,6.78,39.4,358.9,0.1382,0.929,3.427,3.477
Female,0.0,0.0,7.61,61.6,364.8,0.553,0.893,3.6,3.128
Male,0.0,0.0,6.03,49.3,289.9,0.1774,0.75,3.923,4.0
Male,0.0,0.0,6.18,26.1,390.2,0.0996,0.857,3.555,3.569
Male,0.0,0.0,6.75,103.1,406.1,1.1184,0.893,3.593,3.533
Female,0.0,0.0,8.64,30.5,342.9,0.0448,1.0,3.533,3.9
Female,0.0,0.0,8.23,31.8,260.2,0.0649,1.0,3.746,3.9
Female,1.0,0.0,6.85,27.3,349.5,0.0927,0.536,3.266,3.1
Female,0.0,0.0,4.57,152.6,315.6,0.1125,1.0,2.883,2.75
Female,0.0,0.0,8.24,54.1,305.2,0.1287,0.929,3.152,3.1
Female,0.0,0.0,7.41,35.7,314.7,0.0687,1.0,2.915,2.933
Female,0.0,0.0,6.37,54.9,477.3,0.0624,1.0,3.452,3.8
Female,0.0,0.0,7.79,29.8,392.5,0.141,0.571,2.917,1.7
Male,0.0,0.0,7.32,48.6,326.7,0.0693,1.0,3.745,3.838
Female,0.0,0.0,7.31,41.8,405.6,0.6026,0.964,3.336,3.933
Female,0.0,0.0,7.66,14.8,281.1,0.0833,0.964,4.0,4.0
Female,1.0,0.0,6.75,39.6,363.2,0.0622,1.0,3.18,3.5
Female,1.0,0.0,6.61,75.6,410.8,0.1101,1.0,2.567,2.992
Female,1.0,0.0,6.48,24.3,300.5,0.2066,0.536,3.741,3.479
Female,0.0,0.0,7.35,36.5,345.0,0.3075,1.0,3.532,3.6
Female,1.0,0.0,7.23,8.6,343.3,0.0482,1.0,3.7,3.193
Male,0.0,0.0,7.22,72.0,417.5,0.1477,0.714,3.883,3.9
Male,0.0,0.0,6.19,25.8,493.1,0.0544,1.0,3.467,3.608
Female,1.0,0.0,7.09,26.0,334.1,0.0958,1.0,3.8,3.95
Female,1.0,0.0,6.58,13.1,362.7,0.0411,1.0,3.7,3.867
Female,1.0,1.0,7.82,31.3,473.9,0.397,0.857,3.126,2.729
Male,0.0,0.0,5.82,53.1,330.8,0.127,0.964,3.96,3.767
Female,0.0,0.0,5.48,88.1,497.3,0.4576,0.929,3.652,3.344
Male,0.0,0.0,5.62,85.0,437.8,0.1269,1.0,3.867,3.567
Male,1.0,0.0,5.48,50.9,389.2,0.0317,0.964,3.627,3.5
Female,1.0,0.0,6.88,68.6,323.8,0.0773,0.964,3.6,3.436
Female,0.0,1.0,6.04,64.0,508.5,1.7427,0.286,3.758,3.833
Male,0.0,0.0,6.66,76.4,573.6,1.4693,0.75,3.083,2.478
Female,0.0,1.0,4.26,46.4,561.0,2.1725,0.964,3.346,2.5
Male,0.0,0.0,7.31,42.7,370.6,0.0595,0.857,3.2,3.038
Female,0.0,0.0,8.52,37.9,320.5,0.0606,0.964,3.583,3.55
Male,1.0,1.0,6.47,69.3,372.9,0.2107,1.0,3.629,3.467
Female,0.0,1.0,7.96,23.6,331.3,0.0454,0.679,3.868,3.65
Female,0.0,1.0,7.04,54.6,640.2,3.36,0.786,3.78,3.267
Female,0.0,0.0,7.37,34.8,404.0,0.4396,0.714,3.817,3.933
Female,0.0,0.0,6.71,18.8,342.3,0.1049,0.964,3.913,3.85
Female,0.0,1.0,7.17,24.8,317.8,0.0383,1.0,3.529,3.654
Female,0.0,1.0,5.47,17.1,430.9,1.7592,0.429,2.939,1.7
Female,0.0,0.0,6.97,18.2,325.2,0.1756,0.643,4.0,3.973
Female,0.0,0.0,7.2,41.6,478.1,0.0808,0.964,3.7,3.623
Female,0.0,0.0,8.12,36.9,305.9,0.0799,1.0,3.82,3.669
Male,0.0,0.0,7.24,41.7,351.6,0.0446,0.964,3.686,3.336
Female,1.0,0.0,6.81,34.5,397.2,0.0614,0.964,3.5,3.467
Female,1.0,0.0,7.17,43.3,436.7,0.0512,0.964,3.65,3.528
Female,1.0,0.0,6.64,21.7,343.8,0.0242,1.0,3.797,3.667
Female,1.0,0.0,6.29,86.3,423.5,0.2358,1.0,3.784,3.754
Female,1.0,0.0,6.57,98.3,324.1,0.0872,1.0,3.488,3.647
Female,0.0,0.0,6.81,18.9,297.4,0.0746,1.0,3.75,3.875
Male,0.0,0.0,7.27,64.2,394.1,0.7865,0.929,3.541,3.233
Female,1.0,0.0,6.65,79.3,340.4,0.2006,0.857,3.375,2.269
Male,1.0,1.0,7.04,11.8,285.5,0.0675,0.75,3.434,3.483
Female,0.0,0.0,6.16,67.6,358.4,0.1087,1.0,3.819,3.753
Female,0.0,0.0,8.1,27.4,314.3,0.1555,1.0,3.077,3.231
Male,0.0,0.0,8.28,19.1,300.0,0.0763,0.929,3.904,3.9
Male,0.0,1.0,6.5,25.6,355.7,0.0621,0.964,3.693,3.533
Female,1.0,0.0,6.79,99.1,558.7,0.8892,1.0,3.371,3.967
Male,0.0,0.0,6.67,47.5,385.4,0.1293,0.929,3.591,3.367
Female,0.0,1.0,8.29,50.1,507.9,0.6073,0.5,2.603,3.9
Female,0.0,0.0,6.39,6.6,327.1,0.1296,0.857,3.914,4.0
Male,1.0,1.0,6.76,34.7,335.0,0.2723,0.929,3.525,3.4
Female,0.0,1.0,4.86,44.3,605.9,2.0271,0.393,3.46,3.567
Female,1.0,0.0,8.32,24.9,452.9,0.047,0.929,3.25,3.077
Female,0.0,0.0,6.18,51.0,331.0,0.1069,0.929,3.315,3.721
Male,0.0,0.0,6.62,99.5,487.6,0.2003,0.857,3.337,3.538
Female,0.0,1.0,7.58,46.2,450.2,0.5477,0.607,3.28,3.5
Female,0.0,1.0,5.93,59.2,409.3,0.1319,1.0,3.38,3.5
Female,0.0,0.0,7.06,90.0,320.9,0.9428,0.536,3.675,3.538
Female,1.0,0.0,6.51,63.7,366.2,1.2826,1.0,3.352,2.691
Female,0.0,0.0,6.45,17.8,299.0,0.1865,0.821,3.44,3.5
Male,0.0,0.0,6.8,26.7,400.6,0.0586,1.0,2.611,3.464
Female,0.0,0.0,8.04,44.2,416.3,0.475,0.357,3.326,3.033
Female,0.0,1.0,6.98,48.7,368.9,0.6438,0.357,3.111,3.2
Female,1.0,0.0,6.13,95.9,499.7,0.8007,0.929,3.279,3.767
Female,0.0,0.0,6.81,90.4,320.4,0.2523,0.893,3.88,3.962
Female,0.0,1.0,5.99,39.2,345.7,0.1842,0.929,3.622,3.592
Female,0.0,0.0,8.53,29.7,264.5,0.0416,1.0,3.917,3.9
Female,1.0,1.0,7.17,71.1,319.6,0.0891,1.0,2.332,3.446
Female,0.0,0.0,7.63,27.2,363.5,0.05,1.0,3.7,3.933
Female,1.0,1.0,6.55,42.3,390.4,0.2357,0.964,3.66,3.533
Male,0.0,0.0,6.43,22.4,540.1,1.4947,0.464,3.773,3.867
Male,0.0,0.0,7.37,23.1,373.5,0.0706,1.0,3.803,3.944
Female,0.0,0.0,7.53,51.9,316.2,0.143,0.893,3.333,2.533
Male,0.0,0.0,7.49,36.7,381.0,0.0428,0.714,3.987,3.917
Female,1.0,0.0,5.59,52.9,365.3,0.1415,1.0,3.356,2.871
Male,0.0,0.0,7.06,31.9,490.7,0.1684,0.929,3.239,3.633
Female,0.0,0.0,6.54,39.4,359.1,0.3245,0.964,3.955,3.964
Female,1.0,1.0,6.15,97.9,329.5,0.1132,1.0,2.7,3.0
Male,1.0,1.0,6.13,48.5,382.6,1.2089,0.821,2.9,3.15
Female,0.0,0.0,6.55,23.2,319.6,0.0545,1.0,3.58,3.967
Male,1.0,0.0,6.7,65.3,404.6,0.0837,0.893,3.35,3.769
Female,0.0,0.0,6.78,22.6,398.9,0.0989,1.0,3.914,3.953
Male,0.0,0.0,5.78,60.8,435.3,1.5523,1.0,3.609,3.441
Female,0.0,0.0,6.03,29.9,471.2,0.1726,1.0,3.459,3.55
Female,0.0,0.0,6.08,67.2,326.9,0.2545,0.929,3.091,2.9
Male,0.0,1.0,4.8,104.4,456.4,0.4675,0.5,3.421,2.919
Male,0.0,0.0,7.59,18.3,437.7,0.0863,0.536,3.709,3.443
Male,1.0,0.0,7.92,59.1,445.5,0.8942,0.964,3.897,4.0
Female,0.0,0.0,7.27,57.7,355.9,0.2523,0.893,3.726,3.733
Female,0.0,0.0,7.21,27.4,333.4,0.1722,1.0,3.893,3.833
Female,0.0,0.0,6.66,87.1,425.1,0.5901,0.714,3.72,3.567
Female,1.0,1.0,7.86,12.6,303.8,0.0285,1.0,3.544,3.518
Female,0.0,0.0,8.12,42.1,282.5,0.0045,1.0,3.8,3.767
Female,0.0,0.0,7.68,19.9,335.2,0.1524,0.464,3.317,3.233
Female,0.0,0.0,6.79,12.4,387.3,0.0754,0.929,3.727,3.6
Female,1.0,0.0,6.75,47.4,571.2,0.2033,0.929,2.31,3.377
Female,0.0,0.0,6.89,12.4,376.9,0.101,1.0,3.75,3.744
Female,1.0,0.0,6.25,23.4,419.3,0.2151,0.964,2.25,2.871
Male,0.0,0.0,5.49,39.6,600.0,1.8361,0.607,3.27,2.894
Female,0.0,0.0,7.17,35.0,296.4,0.0507,1.0,4.0,3.967
Female,0.0,1.0,7.46,36.3,315.1,0.0733,0.929,2.638,3.483
Male,0.0,0.0,6.14,88.8,537.7,1.4327,0.75,2.9,3.267
Male,0.0,0.0,5.89,52.6,476.3,0.4664,0.929,3.881,4.0
Male,0.0,0.0,6.48,46.0,367.4,0.6091,1.0,3.88,3.667
Male,1.0,0.0,6.99,51.1,373.3,0.1292,0.679,3.926,3.889
Female,0.0,0.0,7.25,30.4,319.8,0.0695,1.0,3.645,3.831
Female,0.0,1.0,6.48,40.9,384.3,0.5101,1.0,3.3,3.4
Female,0.0,0.0,6.24,43.7,381.4,0.1838,0.964,3.911,3.8
Male,0.0,0.0,8.1,19.9,425.1,0.6562,0.25,3.53,3.733
Female,0.0,0.0,6.74,59.5,327.2,1.2342,0.286,2.609,2.867
Male,1.0,1.0,6.9,26.9,380.7,0.1428,0.964,3.587,3.65
Male,0.0,1.0,6.73,63.7,430.4,0.3176,0.536,2.983,2.933
Female,0.0,0.0,7.26,20.9,434.0,1.3332,0.821,3.2,2.9
Female,0.0,0.0,7.29,25.0,318.4,0.154,0.786,3.08,3.633
Male,1.0,0.0,6.52,36.3,396.6,0.1384,0.607,2.738,2.35
Male,0.0,0.0,7.92,49.9,307.2,0.073,0.964,3.8,3.767
Male,1.0,1.0,5.86,111.2,376.3,0.0575,0.964,3.682,3.95
Male,1.0,0.0,7.33,29.9,280.1,0.0911,1.0,3.609,3.731
Male,1.0,0.0,6.04,82.6,319.6,0.3702,0.75,2.948,2.64
Female,1.0,0.0,7.25,16.8,394.2,0.0608,1.0,3.775,3.92
Female,0.0,0.0,7.03,29.3,355.7,0.041,1.0,3.865,3.87
Female,0.0,0.0,7.24,26.0,322.6,0.0291,0.857,3.458,3.29
Female,0.0,0.0,6.5,43.9,335.1,0.0483,0.857,3.293,3.76
Male,0.0,0.0,6.4,17.4,323.3,0.0531,1.0,2.92,3.52
Male,0.0,0.0,7.0,26.5,393.1,0.1235,0.964,3.335,3.63
Male,1.0,1.0,6.9,44.0,432.2,0.121,0.964,3.048,3.67
Female,0.0,0.0,6.77,23.6,464.8,0.4758,0.857,2.958,2.8
Female,0.0,0.0,7.67,34.8,424.8,0.0978,0.821,2.625,3.0
Female,1.0,0.0,5.89,36.1,413.7,0.1567,1.0,3.011,3.39
Female,1.0,0.0,5.83,98.0,346.1,0.1238,1.0,3.836,3.85
Female,0.0,0.0,6.91,44.0,386.0,0.016,0.821,3.05,3.25
Female,0.0,0.0,5.95,31.8,412.2,0.0757,1.0,2.822,2.68
Male,1.0,1.0,6.86,37.9,445.2,0.0895,1.0,3.455,2.97
Female,0.0,0.0,6.88,13.3,356.1,0.2172,0.929,3.696,3.84
Female,0.0,0.0,8.09,28.6,330.1,0.052,0.964,3.702,3.79
Female,0.0,0.0,7.97,57.5,369.4,0.0751,0.214,2.865,3.51
Male,0.0,0.0,6.98,35.6,327.4,0.075,1.0,3.817,3.67
Female,0.0,0.0,7.6,33.7,247.1,0.1172,1.0,3.079,3.35
Female,0.0,0.0,7.22,42.2,415.7,0.0711,1.0,3.405,3.04
Female,0.0,1.0,6.7,53.9,544.1,0.1108,0.893,3.689,3.89
Male,0.0,0.0,6.7,44.0,372.1,0.1112,0.893,2.828,3.0
Female,0.0,0.0,6.19,51.3,294.2,0.1252,0.964,3.823,3.95
Female,0.0,0.0,5.39,23.5,340.6,0.0185,1.0,3.57,3.63
Female,0.0,0.0,7.14,33.8,292.1,0.0378,1.0,3.726,3.59
Female,1.0,0.0,7.43,31.2,258.6,0.0122,1.0,3.16,3.53
Female,0.0,0.0,5.82,64.9,423.5,1.1737,1.0,2.98,3.07
Female,0.0,0.0,7.26,35.6,308.6,0.1808,0.5,3.775,3.7
Female,0.0,0.0,7.49,49.8,315.5,0.2594,0.786,3.501,3.47
Female,0.0,0.0,6.47,79.4,456.5,0.5066,1.0,2.947,3.33
Female,0.0,1.0,8.11,64.9,328.4,0.0834,0.786,3.098,3.3
Female,0.0,0.0,7.29,27.4,347.6,0.0394,0.964,3.803,3.76
Male,0.0,0.0,6.11,71.1,380.7,0.1319,0.929,3.315,3.9
Male,0.0,0.0,7.78,59.6,275.1,0.214,0.786,3.428,3.28
Female,0.0,0.0,6.82,36.8,308.4,0.061,0.964,3.155,3.41
Male,0.0,0.0,8.89,10.4,291.5,0.0263,1.0,3.938,3.8
Male,0.0,0.0,6.05,70.2,341.4,0.0447,1.0,3.267,3.84
Female,0.0,0.0,7.6,39.8,307.1,0.0526,0.964,3.88,3.78
Female,0.0,0.0,6.88,30.2,322.1,0.1857,0.929,3.26,3.23
Male,0.0,0.0,8.3,22.3,434.0,0.1549,0.964,3.33,3.59
Female,0.0,0.0,6.2,53.4,372.3,0.0723,0.25,3.917,4.0
Male,0.0,0.0,6.71,44.1,356.3,0.0361,1.0,3.759,3.43
Male,0.0,0.0,7.22,42.1,493.0,3.4332,0.893,2.498,3.83
Male,0.0,0.0,6.68,32.6,340.7,0.0536,0.964,3.788,3.91
Male,0.0,0.0,5.99,57.3,395.4,0.0519,1.0,3.721,3.77
Female,0.0,0.0,7.71,25.2,299.8,0.0713,1.0,3.71,3.45
Male,1.0,0.0,7.44,84.8,364.6,0.1876,1.0,3.13,3.0
Female,0.0,1.0,7.22,56.6,460.9,0.0534,0.964,3.731,3.95
Male,1.0,1.0,7.03,35.7,441.2,0.5668,1.0,3.042,3.53
Female,0.0,0.0,7.28,50.2,413.4,0.0473,1.0,3.57,3.49
Male,0.0,0.0,8.48,15.4,269.1,0.0559,0.929,3.546,3.46
Male,0.0,0.0,5.61,110.6,434.7,0.8479,0.964,2.539,1.96
Female,0.0,0.0,6.48,37.8,345.0,0.116,1.0,3.241,3.59
Male,1.0,0.0,6.59,34.7,374.0,0.1629,1.0,3.7,3.32
Female,0.0,0.0,7.15,50.4,404.1,0.1872,0.607,3.666,3.7
Male,0.0,1.0,5.61,33.2,380.6,0.1741,1.0,3.03,2.0
Female,0.0,0.0,6.32,31.0,463.6,0.7793,0.821,3.32,3.13
Male,1.0,1.0,6.01,51.6,375.0,0.1029,1.0,2.206,2.54
Female,0.0,0.0,6.61,35.4,407.9,0.1087,0.607,3.78,3.8
Female,1.0,0.0,5.6,57.9,328.2,0.0667,0.857,3.157,2.9
Female,1.0,0.0,6.94,28.3,342.1,0.0726,1.0,3.201,3.62
Female,0.0,1.0,7.98,61.2,429.1,0.1368,0.893,2.831,3.08
Female,0.0,0.0,8.01,23.8,327.5,0.0964,1.0,3.141,2.8
Male,0.0,0.0,6.19,25.4,442.0,1.1223,0.5,3.252,3.93
Female,1.0,0.0,7.31,24.8,379.2,0.1146,1.0,3.534,3.72
Male,1.0,0.0,7.3,25.9,402.2,0.4073,0.321,3.563,4.0
Female,0.0,0.0,6.95,42.1,457.8,0.0883,0.929,3.315,3.53
Female,0.0,0.0,6.18,16.8,367.6,0.058,1.0,3.654,3.3
Male,1.0,0.0,7.31,30.2,313.7,0.0171,1.0,3.818,3.63
Male,0.0,0.0,6.46,33.1,338.2,0.0234,1.0,3.673,4.0
Male,1.0,1.0,6.4,53.9,383.4,0.0397,1.0,2.961,3.45
Male,0.0,0.0,6.62,68.5,360.4,0.0535,1.0,3.348,3.71
Female,0.0,0.0,6.96,51.0,514.0,0.5772,0.929,4.0,3.97
Female,0.0,0.0,6.08,47.4,374.2,0.1579,1.0,3.25,3.27
Female,1.0,0.0,6.23,73.4,368.7,0.1149,0.893,2.606,2.57
Male,0.0,0.0,7.78,11.9,312.5,0.0391,1.0,3.925,4.0
Female,1.0,0.0,7.02,37.0,336.0,0.0512,0.857,3.482,3.33
Female,0.0,0.0,7.53,64.3,352.4,0.2783,0.964,3.215,2.99
Female,0.0,1.0,7.22,28.2,420.3,0.126,0.929,3.39,3.37
Female,1.0,1.0,6.42,11.4,314.8,0.0302,1.0,3.802,3.85
Male,1.0,1.0,7.31,23.7,266.8,0.0188,1.0,3.728,3.5
Female,0.0,0.0,6.48,37.1,360.0,0.0686,0.964,3.959,3.94
Female,1.0,0.0,6.75,31.6,392.3,0.6326,0.786,2.986,1.55
Female,1.0,1.0,6.71,73.3,384.9,0.08,0.893,3.8,3.25
Male,1.0,1.0,6.74,61.1,332.1,0.1362,1.0,2.996,1.8
Female,1.0,1.0,6.84,50.4,280.5,0.124,0.964,3.663,3.35
Male,0.0,1.0,5.85,117.0,494.2,0.7539,0.964,3.092,2.26
Male,1.0,0.0,7.1,29.8,350.6,0.1898,1.0,3.735,3.4
Female,0.0,0.0,6.12,70.9,344.1,0.2994,0.321,2.9,3.0
Male,1.0,1.0,5.96,18.2,402.0,0.3765,0.321,3.149,2.5
Male,0.0,0.0,7.77,19.9,327.1,0.0578,0.964,3.46,3.37
Female,0.0,0.0,7.66,31.6,352.7,0.1119,1.0,2.998,3.4
Male,0.0,1.0,5.62,21.8,448.0,0.3415,0.571,3.409,3.11
Female,0.0,0.0,6.86,35.1,440.8,0.1034,0.857,3.724,3.86
Male,1.0,1.0,8.45,19.8,322.1,0.0218,0.714,3.708,3.1
Female,0.0,1.0,6.89,38.4,441.0,0.1269,0.893,3.946,3.93
Male,1.0,1.0,7.46,44.2,400.0,0.1997,0.893,3.414,3.47
Male,0.0,1.0,7.72,37.6,386.2,0.13,0.714,3.3,2.87
Female,0.0,0.0,6.72,38.0,305.5,0.1332,0.964,3.492,2.94
Female,1.0,1.0,5.59,41.4,377.9,1.2016,0.964,2.851,2.97
Male,0.0,0.0,7.68,20.0,296.6,0.107,1.0,4.0,4.0
Female,0.0,0.0,5.88,79.1,419.3,0.5716,0.964,3.657,3.3
Female,0.0,0.0,5.83,100.3,354.9,0.1481,1.0,3.635,3.83
Female,0.0,0.0,6.14,36.2,351.4,0.0375,0.786,2.83,2.67
Female,0.0,0.0,6.84,18.9,400.6,0.2043,0.75,3.863,3.8
Male,0.0,0.0,7.27,20.8,319.5,0.0293,0.714,3.296,3.33
Female,0.0,0.0,7.49,15.6,351.4,0.0446,0.893,3.611,3.09
Male,0.0,0.0,7.52,29.8,306.2,0.0593,1.0,3.626,3.54
Female,1.0,0.0,8.53,32.1,392.3,0.0233,0.893,3.24,2.8
Male,1.0,0.0,6.44,47.8,337.9,0.1725,0.714,3.456,3.15
Female,0.0,0.0,6.55,46.3,285.7,0.2217,1.0,3.385,2.77
Male,0.0,0.0,6.53,40.8,375.8,0.1503,1.0,3.876,3.87
Male,0.0,0.0,5.59,83.4,528.3,0.6334,0.964,1.588,0.35
Female,1.0,0.0,6.83,30.0,407.5,0.0195,1.0,3.26,3.52
Female,0.0,0.0,6.56,34.5,364.2,0.0691,0.929,3.053,3.0
Male,1.0,0.0,6.41,59.0,341.9,0.1217,0.893,3.075,2.46
Male,0.0,0.0,6.72,23.4,294.8,0.0324,1.0,3.553,3.27
Female,0.0,0.0,6.38,48.4,504.3,0.3584,1.0,3.154,3.28
Male,0.0,1.0,7.11,67.3,468.2,0.0672,1.0,3.165,3.33
Male,1.0,0.0,6.95,70.6,361.1,0.1523,1.0,2.617,3.35
Male,0.0,0.0,7.54,93.4,400.4,0.0901,0.893,3.224,3.5
Male,0.0,0.0,6.91,34.7,348.6,0.0559,0.929,3.671,3.62
Female,0.0,0.0,6.15,37.2,322.3,0.102,0.929,3.139,3.14
Male,0.0,1.0,6.72,64.0,337.4,0.1748,0.964,3.324,3.46
Male,0.0,0.0,6.65,47.8,366.7,0.1233,1.0,3.553,3.54
Female,1.0,0.0,6.91,70.1,426.8,0.9403,0.929,3.427,3.37
Male,0.0,0.0,7.15,45.6,405.1,0.1437,0.929,3.714,3.19
Female,0.0,1.0,6.53,45.6,368.1,0.2938,0.964,2.799,2.86
Female,0.0,0.0,6.65,51.7,446.2,0.0936,1.0,3.681,3.17
Male,1.0,1.0,8.49,33.5,405.2,0.0515,1.0,3.156,3.47
Male,0.0,0.0,7.42,25.2,382.6,0.1686,0.929,3.535,2.97
Female,0.0,1.0,6.79,49.1,415.0,0.0486,0.929,3.601,3.63
Female,0.0,1.0,7.27,24.1,433.8,0.1573,0.786,3.948,3.91
Male,0.0,0.0,6.47,41.1,321.6,0.0574,0.357,3.162,3.71
Female,0.0,0.0,6.72,35.5,427.4,0.0521,0.964,3.364,3.01
Female,0.0,0.0,7.26,40.4,427.1,0.1286,0.929,3.625,3.49
Female,0.0,0.0,7.13,57.0,309.6,0.0596,0.933,3.111,3.333
Male,0.0,0.0,6.19,29.8,409.0,0.1929,0.967,3.905,3.952
Male,0.0,0.0,6.7,76.0,454.4,0.0861,1.0,3.278,3.611
Female,0.0,0.0,7.12,48.3,337.9,0.0764,1.0,3.778,3.722
Male,0.0,1.0,7.34,30.8,383.4,0.1366,0.933,3.333,3.334
Male,0.0,0.0,5.1,49.3,460.1,0.2224,0.867,3.667,3.778
Female,1.0,0.0,7.61,51.0,385.4,0.1318,1.0,3.333,3.667
Female,0.0,0.0,5.85,54.4,362.0,0.1596,0.667,3.667,3.556
Male,1.0,1.0,7.16,59.7,425.3,0.2094,0.933,3.167,3.5
Female,0.0,1.0,6.88,21.6,353.0,0.0622,1.0,3.762,3.714
Male,0.0,0.0,6.92,36.1,417.1,0.1272,0.833,3.833,3.833
Female,1.0,0.0,7.0,57.0,310.9,0.0523,1.0,2.933,3.278
Male,0.0,0.0,4.65,122.8,471.6,0.7389,0.967,3.778,3.944
Male,0.0,1.0,6.36,64.9,372.6,0.1164,1.0,3.556,3.733
Female,0.0,0.0,7.09,11.7,396.2,0.1993,0.967,3.944,3.944
Male,0.0,0.0,7.68,72.2,448.1,0.0809,0.967,3.611,3.944
Male,0.0,0.0,5.96,127.9,394.4,0.178,1.0,3.944,4.0
Male,0.0,0.0,7.13,34.5,337.1,0.1616,1.0,3.667,3.917
Male,0.0,0.0,6.4,18.4,402.6,0.0239,0.867,3.778,3.889
Male,0.0,0.0,6.56,68.4,346.3,0.1196,1.0,3.889,3.944
Male,0.0,0.0,6.76,97.4,463.2,0.1893,1.0,3.333,2.833
Female,0.0,0.0,7.48,18.7,305.3,0.063,0.967,3.944,3.905
Female,0.0,0.0,6.2,40.1,457.9,0.1862,0.833,3.134,3.444
Male,0.0,0.0,6.66,38.7,404.8,0.1115,0.967,4.0,3.889
Male,0.0,0.0,6.3,13.8,383.8,0.1192,1.0,3.944,3.889
Male,0.0,0.0,7.1,35.9,351.1,0.0552,0.967,3.944,3.889
Female,0.0,0.0,5.07,49.2,544.1,1.0208,0.8,3.905,3.476
Female,0.0,0.0,6.37,50.7,405.1,0.0963,1.0,3.444,3.778
Female,0.0,0.0,6.63,25.6,318.3,0.0238,1.0,3.5,3.667
Female,0.0,0.0,6.24,44.8,394.1,0.2159,0.633,3.067,3.467
Female,0.0,0.0,5.54,39.8,465.2,0.7882,0.8,3.833,3.667
Male,0.0,0.0,6.89,54.4,341.4,0.1354,0.967,3.889,3.722
Male,0.0,1.0,6.17,18.6,402.7,0.0867,0.967,3.619,3.81
Male,0.0,0.0,6.56,29.9,361.3,0.0444,0.967,3.111,3.5
Female,0.0,0.0,5.4,64.4,482.3,0.9094,0.7,3.389,3.733
Female,0.0,0.0,6.86,7.2,349.7,0.0116,0.933,3.944,3.889
Female,0.0,1.0,5.89,82.1,353.0,0.0659,1.0,3.4,3.056
Female,0.0,1.0,6.99,86.5,497.3,1.9035,0.567,3.428,3.533
Male,0.0,0.0,6.88,54.2,335.9,0.0693,0.967,3.556,3.444
Female,0.0,0.0,6.25,79.1,340.2,0.2345,0.833,3.5,3.556
Female,0.0,0.0,6.85,37.8,281.7,0.1272,0.6,4.0,3.952
Female,0.0,1.0,6.74,33.6,340.6,0.1258,0.967,4.0,3.833
Male,0.0,0.0,6.19,37.8,437.4,0.3616,0.867,3.722,3.167
Male,0.0,0.0,6.6,92.7,424.8,0.2255,0.967,3.389,3.5
Male,0.0,1.0,6.15,49.0,322.0,0.1166,0.867,3.444,3.667
Male,0.0,0.0,6.89,29.4,331.6,0.0523,0.967,3.571,3.778
Male,0.0,0.0,7.31,22.9,376.3,0.049,0.833,3.556,3.611
Female,0.0,0.0,6.49,32.3,350.2,0.0761,1.0,3.714,3.667
Male,0.0,0.0,8.06,26.3,400.4,0.0796,0.8,3.714,3.867
Female,0.0,0.0,6.79,26.6,372.9,0.6276,0.8,3.444,3.722
Female,0.0,0.0,6.39,25.3,354.7,0.0937,0.733,3.833,3.833
Female,0.0,0.0,5.69,22.6,394.4,0.1377,0.967,3.556,2.944
Female,0.0,0.0,6.32,28.2,375.0,0.1784,1.0,3.889,3.667
Male,0.0,0.0,5.55,75.4,373.1,0.1783,0.9,3.778,3.611
Female,0.0,0.0,7.04,6.5,339.4,0.0225,0.933,3.762,3.714
Female,0.0,0.0,5.99,40.2,338.2,0.0336,0.933,3.556,3.667
Female,0.0,0.0,5.88,34.4,380.5,0.9192,0.9,3.889,3.889
Female,0.0,0.0,5.3,49.4,372.9,0.2617,0.233,3.944,3.834
Male,0.0,1.0,6.07,25.2,381.4,0.1407,0.967,3.333,3.778
Female,0.0,1.0,6.4,16.1,374.2,0.0833,1.0,3.81,3.81
Female,0.0,1.0,6.28,27.2,368.8,0.5679,0.867,3.667,3.952
Male,0.0,0.0,6.64,47.3,371.8,0.0575,0.9,4.0,4.0
Male,0.0,0.0,6.26,33.5,376.5,0.143,0.633,3.667,3.875
Female,0.0,0.0,6.51,48.7,428.8,0.5021,0.7,3.889,3.667
Female,0.0,0.0,6.79,55.8,335.9,0.1226,0.933,3.762,3.833
Female,0.0,0.0,7.29,47.4,367.4,0.0465,0.9,3.619,3.611
Female,0.0,0.0,7.71,20.3,344.0,0.0395,0.9,3.572,3.619
Female,0.0,0.0,7.75,35.4,422.7,0.0924,1.0,3.778,3.889
Female,0.0,0.0,5.81,47.1,346.7,0.0847,0.967,3.722,3.778
Male,0.0,0.0,6.51,31.6,406.6,0.1584,0.8,3.166,3.611
Female,0.0,1.0,5.86,120.9,403.2,0.08,0.967,3.611,3.5
Male,0.0,0.0,6.92,48.9,390.2,0.129,0.867,3.833,4.0
Female,0.0,0.0,5.68,26.3,446.1,0.2968,0.7,3.714,3.762
Female,0.0,1.0,5.28,26.8,437.2,2.4655,0.467,3.667,3.778
Male,1.0,0.0,4.57,30.5,455.8,0.266,0.8,2.8,3.467
Male,0.0,1.0,7.17,44.8,469.9,0.0877,1.0,3.733,3.611
Female,0.0,1.0,7.45,77.3,320.4,0.0394,0.967,3.857,4.0
Female,0.0,1.0,6.7,12.9,367.3,0.2719,0.933,3.278,3.611
Male,0.0,1.0,7.42,66.6,410.6,0.0402,1.0,3.722,3.733
Male,0.0,0.0,8.02,23.6,386.9,0.1663,0.933,3.389,3.556
Male,0.0,0.0,7.29,50.5,327.4,0.0842,1.0,3.778,3.834
Female,0.0,0.0,7.75,34.0,333.2,0.0503,1.0,3.778,3.722
Female,0.0,0.0,7.36,42.4,372.7,0.0753,0.967,3.944,3.917
Male,0.0,0.0,6.81,54.0,443.8,0.0927,0.967,3.952,3.905
Female,0.0,1.0,5.51,41.8,491.3,1.1291,0.9,3.292,3.333
Female,0.0,0.0,5.62,16.2,323.1,0.0672,0.933,3.611,3.857
Female,0.0,0.0,6.74,110.5,401.4,0.2685,0.967,3.278,3.556
Male,0.0,0.0,5.8,34.1,322.5,0.0607,1.0,3.5,3.444
Male,0.0,0.0,5.19,27.4,376.4,0.1697,0.933,3.524,3.238
Male,0.0,0.0,6.8,20.2,371.7,0.0518,0.967,3.944,3.833
Male,0.0,1.0,6.64,49.1,317.0,0.0721,1.0,3.889,4.0
Male,0.0,0.0,5.98,32.1,369.1,0.1036,0.633,3.667,3.444
Male,0.0,1.0,6.75,34.0,504.5,1.1609,0.8,3.533,3.625
Male,0.0,0.0,7.76,15.7,391.3,0.0504,1.0,3.889,3.889
Female,0.0,0.0,6.23,40.9,426.2,2.0198,0.533,3.667,3.667
Male,0.0,0.0,5.28,91.3,386.4,0.2501,1.0,3.222,3.0
Male,0.0,0.0,4.98,51.7,435.5,0.1043,0.9,3.444,3.556
Male,0.0,0.0,6.28,33.4,364.7,0.1924,0.9,3.667,3.556
Female,0.0,0.0,8.09,29.7,275.0,0.0102,1.0,3.889,3.667
Female,0.0,0.0,7.79,20.5,343.4,0.0446,0.833,3.778,3.944
Male,1.0,0.0,5.95,45.8,414.4,0.0834,1.0,3.333,3.267
Male,0.0,1.0,6.92,38.0,287.1,0.0344,1.0,3.952,3.905
Male,0.0,0.0,5.58,19.5,365.9,0.0961,0.567,3.571,3.5
Female,0.0,0.0,5.01,133.2,518.8,1.1035,0.7,3.111,3.166
Female,0.0,0.0,7.91,13.6,326.1,0.023,1.0,3.334,3.2
Male,0.0,0.0,7.12,24.2,398.4,0.0612,1.0,3.944,3.889
Female,0.0,0.0,6.52,63.3,352.8,0.318,0.967,3.5,3.857
Female,0.0,0.0,5.11,19.6,432.7,0.1743,0.933,3.722,3.556
Male,0.0,0.0,5.67,35.6,404.1,0.6452,0.9,3.833,3.905
Female,1.0,0.0,6.4,52.3,369.5,0.0792,1.0,3.722,3.722
Male,0.0,0.0,5.96,21.4,355.1,0.1623,0.7,3.778,3.889
Male,0.0,0.0,6.11,20.1,408.2,0.0991,1.0,3.833,3.667
Female,0.0,1.0,4.54,12.6,390.1,0.1503,0.967,3.533,3.167
Female,0.0,1.0,7.06,31.9,324.4,0.0807,1.0,3.834,3.944
Female,0.0,1.0,7.54,16.2,369.0,0.0467,1.0,3.833,3.556
Female,0.0,0.0,7.58,14.5,408.5,0.0392,1.0,3.556,3.556
Female,0.0,0.0,6.38,15.6,359.0,0.4108,0.733,3.762,3.944
Female,0.0,0.0,6.25,58.6,342.6,0.1025,0.967,3.857,4.0
Female,0.0,0.0,5.46,42.0,476.8,0.1321,1.0,3.278,3.222
Male,0.0,0.0,5.82,43.4,393.1,0.1978,0.867,3.611,3.222
Male,0.0,0.0,6.13,20.4,384.6,0.0924,0.833,3.778,3.8
Female,0.0,0.0,7.02,15.2,377.5,0.0695,1.0,3.722,3.944
Male,0.0,0.0,5.54,40.3,377.1,0.0316,0.967,3.944,3.944
Male,0.0,0.0,5.42,34.7,477.8,0.4863,0.9,3.278,2.722
Female,0.0,0.0,6.99,35.0,393.7,0.8873,0.833,3.762,3.952
Male,0.0,0.0,4.34,177.5,390.7,0.1606,0.933,3.857,3.944
Male,0.0,0.0,7.0,58.0,425.7,0.2333,0.967,3.778,4.0
Male,0.0,0.0,7.4,54.9,338.6,0.0447,1.0,4.0,4.0
Male,0.0,0.0,6.65,62.7,437.4,0.1224,0.633,4.0,4.0
Male,0.0,1.0,5.71,99.8,544.7,0.4888,0.7,3.5,3.133
Male,1.0,0.0,5.46,39.7,362.2,0.1613,0.9,3.667,3.81
Female,0.0,0.0,6.52,29.0,343.8,0.1191,0.867,3.381,3.714
Male,0.0,0.0,6.99,19.8,328.4,0.0616,1.0,3.889,3.667
Female,0.0,0.0,5.58,43.7,332.2,0.0323,0.933,3.444,3.556
Male,1.0,0.0,4.6,40.8,382.1,0.1003,0.867,3.056,3.333
Male,0.0,0.0,6.0,120.4,327.4,0.2648,0.967,3.8,3.667
Male,0.0,1.0,6.05,17.6,438.4,0.0632,1.0,3.834,3.944
Male,0.0,0.0,5.86,65.5,394.5,0.1034,1.0,3.111,3.167
Male,0.0,0.0,7.81,49.0,410.5,0.0157,0.933,3.667,3.667
Male,0.0,1.0,6.13,84.1,398.9,0.1053,0.967,3.889,3.611
Female,0.0,0.0,5.3,49.5,580.8,2.3167,0.533,3.611,3.444
Male,0.0,0.0,6.01,65.4,389.4,0.2381,0.833,3.389,3.389
Female,0.0,0.0,7.13,34.5,314.5,0.1279,0.967,3.834,3.722
Female,0.0,0.0,5.41,41.6,344.8,0.2854,0.9,3.334,3.222
Male,0.0,1.0,6.39,44.3,407.9,0.0913,0.967,3.722,3.611
Female,1.0,1.0,6.54,54.6,416.5,0.1301,1.0,3.61,3.56
Female,0.0,0.0,6.29,49.4,439.3,0.1425,0.793,3.21,3.3
Female,0.0,0.0,7.05,8.9,415.7,0.069,1.0,3.09,2.6
Male,0.0,0.0,6.54,23.3,387.1,0.1505,1.0,4.0,4.0
Male,0.0,0.0,6.49,23.8,441.0,1.179,0.897,2.82,3.2
Female,0.0,1.0,7.76,15.3,315.3,0.0751,1.0,2.7,1.97
Male,0.0,0.0,7.43,22.3,316.5,0.1511,0.966,3.8,4.0
Male,0.0,0.0,7.33,13.4,321.7,0.0206,1.0,3.46,4.0
Male,0.0,1.0,7.42,30.5,347.4,0.0751,0.793,4.0,4.0
Male,1.0,0.0,6.11,10.2,431.7,0.2469,1.0,3.0,3.2
Female,0.0,0.0,6.86,18.7,373.1,0.0901,1.0,4.0,3.4
Female,0.0,0.0,5.99,6.1,330.3,0.0608,1.0,4.0,3.44
Female,0.0,0.0,7.97,22.0,370.3,0.6467,0.897,3.48,3.83
Male,0.0,0.0,7.17,22.3,497.0,0.3234,0.414,3.79,3.41
Female,0.0,0.0,6.9,14.0,432.5,0.0793,1.0,3.23,3.49
Female,0.0,0.0,5.15,85.5,334.8,0.085,1.0,3.53,2.55
Male,0.0,0.0,6.22,23.7,468.0,0.0964,1.0,4.0,3.81
Male,0.0,0.0,7.19,17.8,352.4,0.1047,1.0,3.05,2.73
Female,0.0,0.0,6.78,39.0,358.1,0.0874,0.862,3.72,3.06
Male,0.0,0.0,6.58,67.5,339.3,0.3247,0.517,4.0,4.0
Female,0.0,0.0,5.41,21.7,371.3,0.4229,0.931,2.0,2.8
Male,0.0,0.0,6.71,10.5,365.2,0.1672,0.793,2.49,2.77
Male,0.0,0.0,6.64,55.7,347.0,0.1735,0.379,3.98,4.0
Female,1.0,0.0,7.33,12.2,366.1,0.0398,1.0,3.1,3.3
Male,1.0,1.0,7.14,21.3,323.8,0.0717,0.931,2.44,3.07
Female,0.0,1.0,6.53,13.1,364.5,0.1417,1.0,3.66,2.6
Female,0.0,0.0,6.2,25.0,383.2,0.0624,0.966,4.0,3.82
Male,0.0,1.0,7.16,52.7,437.8,0.2523,1.0,3.52,3.46
Male,0.0,0.0,6.47,31.8,421.2,0.0163,0.966,3.26,3.04
Male,0.0,1.0,5.95,47.1,446.7,0.0647,1.0,2.0,1.5
Female,0.0,0.0,7.43,14.3,322.1,0.1521,0.897,4.0,4.0
Female,0.0,0.0,6.77,5.9,473.0,0.0575,1.0,3.23,3.59
Male,0.0,0.0,5.8,22.1,430.4,0.4935,0.828,2.6,3.08
Male,0.0,0.0,6.91,17.8,496.2,0.0785,0.862,3.77,3.25
Male,0.0,0.0,7.39,23.8,437.9,0.0528,1.0,2.91,2.61
Female,0.0,0.0,6.67,10.6,344.2,0.0362,0.931,2.93,3.06
Female,0.0,0.0,7.06,10.5,368.8,0.1302,0.655,3.21,4.0
Male,0.0,0.0,5.12,17.8,295.5,0.2136,0.897,3.4,3.6
Female,0.0,0.0,6.97,32.8,381.1,0.1166,0.862,2.5,2.33
Male,0.0,0.0,6.2,42.9,451.0,2.043,0.379,3.82,3.78
Female,0.0,0.0,7.46,19.0,448.3,0.0903,1.0,3.07,2.43
Female,0.0,0.0,9.57,15.8,353.8,0.0314,1.0,3.49,3.6
Female,0.0,0.0,6.8,12.1,328.0,0.093,0.897,4.0,4.0
Male,0.0,0.0,7.29,24.6,473.0,0.0348,1.0,3.41,3.19
Female,0.0,0.0,6.62,22.4,353.6,0.2095,0.862,3.2,3.36
Female,0.0,0.0,7.2,24.2,458.7,0.1167,0.862,3.0,3.38
Female,0.0,0.0,6.32,14.2,423.4,0.2073,1.0,4.0,3.56
Male,0.0,0.0,6.26,28.0,400.6,0.272,0.862,3.79,3.17
Female,0.0,0.0,6.3,23.8,395.7,0.0945,0.828,4.0,4.0
Male,0.0,0.0,6.18,27.8,451.7,0.1101,0.724,3.76,3.38
Male,0.0,0.0,7.61,21.0,316.8,0.1069,0.966,3.79,3.18
Male,0.0,0.0,5.6,20.7,494.1,0.7776,0.793,1.57,2.67
Female,0.0,1.0,6.19,106.4,321.6,0.1528,1.0,3.3,2.94
Female,0.0,0.0,7.73,30.6,366.0,0.4366,0.793,3.71,3.77
Female,0.0,1.0,7.4,22.1,318.4,0.2119,0.966,3.71,3.79
Female,0.0,1.0,5.01,61.3,465.4,0.1732,1.0,1.95,3.0
Male,0.0,1.0,6.56,66.4,349.2,1.8734,0.655,2.15,2.76
Male,0.0,1.0,6.37,37.1,539.6,0.4276,0.966,2.65,3.53
Female,0.0,0.0,5.74,15.0,560.9,1.5293,0.793,3.57,3.07
Female,0.0,0.0,4.87,9.4,424.0,0.235,1.0,3.77,2.78
Female,0.0,0.0,7.96,23.2,346.1,0.2401,0.966,4.0,4.0
Female,0.0,0.0,7.08,11.7,346.8,0.0307,1.0,3.79,4.0
Female,1.0,0.0,6.0,34.1,372.1,0.1411,1.0,3.16,3.56
Female,0.0,0.0,7.37,9.7,424.3,0.1024,0.966,4.0,4.0
Female,0.0,0.0,6.37,2.3,463.6,0.0648,0.897,3.82,3.76
Female,0.0,0.0,6.12,16.3,405.8,0.1612,0.931,3.5,3.4
Female,0.0,0.0,7.02,46.5,687.5,1.7758,0.483,3.2,1.69
Male,0.0,0.0,5.76,21.7,414.1,0.0775,0.966,4.0,4.0
Female,0.0,0.0,6.13,28.4,560.1,0.2925,0.828,3.0,3.75
Female,0.0,0.0,6.05,18.1,496.6,0.2625,0.586,2.62,2.46
Male,1.0,1.0,5.06,29.5,545.6,0.9619,0.897,1.91,2.98
Male,0.0,0.0,6.52,30.8,410.8,0.1901,0.862,3.29,3.51
Male,0.0,1.0,6.17,20.2,404.9,0.055,1.0,3.8,3.22
Female,0.0,0.0,6.56,39.9,376.1,0.2428,0.793,3.81,3.6
Male,0.0,0.0,6.89,17.7,420.4,0.045,1.0,3.49,3.54
Male,0.0,1.0,6.1,28.2,501.1,0.2924,0.828,3.72,3.81
Male,0.0,0.0,6.57,17.1,539.5,0.322,0.966,3.61,3.38
Female,0.0,0.0,7.39,13.8,367.2,0.0409,1.0,3.8,4.0
Female,0.0,0.0,5.81,20.5,434.7,0.6755,0.931,3.4,3.19
Male,0.0,0.0,6.88,14.8,361.1,0.1295,0.966,3.76,3.55
Male,0.0,0.0,5.71,22.0,468.6,0.1988,0.759,3.76,3.8
Male,0.0,0.0,6.86,26.1,406.3,0.3402,0.759,2.91,3.4
Female,0.0,0.0,7.04,17.0,414.8,0.1296,0.931,3.86,3.28
Female,0.0,1.0,6.01,33.9,419.7,0.1657,1.0,3.07,2.4
Female,1.0,0.0,5.64,11.3,362.8,0.1558,0.828,3.43,3.21
Female,0.0,0.0,4.45,162.7,514.0,0.7721,0.414,2.98,3.56
Female,0.0,0.0,5.24,21.4,479.4,0.1685,1.0,3.61,3.49
Female,0.0,0.0,5.88,37.5,435.7,0.1915,0.552,2.33,3.5
Male,0.0,0.0,7.37,14.1,580.2,3.6416,0.379,3.46,3.5
Male,0.0,0.0,6.95,44.6,384.2,0.1473,1.0,2.93,3.57
Female,0.0,0.0,6.39,26.3,532.0,0.7065,0.862,3.0,3.6
Female,0.0,0.0,6.65,21.5,442.4,0.2269,0.931,3.39,3.6
Female,0.0,0.0,7.68,24.9,324.5,0.1709,0.931,3.57,2.6
Male,0.0,1.0,6.68,60.6,526.5,0.2969,0.724,2.76,3.23
Female,0.0,0.0,7.22,25.4,460.1,0.2532,0.793,1.21,2.32
Female,0.0,0.0,5.82,14.4,473.9,0.2457,0.586,3.39,3.8
Female,0.0,0.0,6.71,10.9,349.2,0.4063,0.828,3.47,3.0
Female,0.0,0.0,5.6,72.7,610.7,1.3834,0.724,3.27,3.03
Female,0.0,1.0,5.01,9.0,469.7,1.7201,0.552,3.28,1.7
Female,0.0,0.0,6.89,41.9,386.7,0.2513,1.0,2.96,3.28
Male,0.0,0.0,4.89,31.9,395.2,0.0931,1.0,4.0,3.77
Female,0.0,0.0,5.44,34.8,369.3,0.1346,0.897,3.25,3.4
Female,0.0,0.0,6.41,20.2,341.0,0.1047,1.0,3.17,3.05
Female,0.0,0.0,6.04,50.6,440.7,0.1026,0.966,3.0,3.41
Female,0.0,0.0,6.02,15.3,430.9,0.1009,0.966,3.52,3.26
Female,0.0,0.0,5.51,37.8,439.8,0.4339,1.0,3.56,2.98
Female,0.0,0.0,6.66,17.4,358.8,0.152,0.966,2.67,3.13
Female,0.0,0.0,6.68,11.4,420.7,0.1095,0.897,3.74,3.39
Male,1.0,1.0,7.31,48.0,552.3,0.0986,0.931,2.57,2.4
Male,0.0,1.0,6.64,7.6,379.6,0.1785,0.69,3.35,3.38
Female,0.0,0.0,6.3,38.2,460.7,0.1733,0.966,3.21,2.49
Male,0.0,0.0,6.25,33.9,461.5,0.2224,0.862,3.47,3.29
Female,1.0,0.0,6.3,21.7,497.0,0.2712,0.897,3.29,2.47
Female,0.0,1.0,7.44,23.1,383.2,0.1767,0.793,3.71,2.83
Male,0.0,0.0,7.03,40.9,424.8,0.196,0.966,2.9,3.36
Male,0.0,0.0,6.1,27.6,519.5,0.2241,1.0,4.0,4.0
Male,0.0,1.0,6.66,29.5,560.6,1.9322,0.586,1.94,1.79
Male,0.0,0.0,7.77,31.7,592.6,0.2355,0.966,2.84,3.12
Female,1.0,0.0,5.99,23.8,444.2,0.3553,0.828,3.4,3.69
Female,0.0,0.0,6.01,23.1,419.1,0.1372,0.793,3.79,4.0
Female,1.0,0.0,6.48,13.8,493.1,0.1711,0.759,3.21,2.6
Female,0.0,0.0,6.5,14.6,447.9,0.0894,1.0,3.33,3.74
Female,1.0,0.0,6.48,47.9,443.0,0.86,0.483,3.29,2.87
Female,0.0,0.0,5.86,5.1,408.1,0.1308,0.931,3.5,3.51
Male,0.0,0.0,7.57,52.7,423.8,1.477,0.966,3.79,3.5
Female,0.0,0.0,6.02,19.9,395.8,0.0847,0.655,3.74,3.48
Female,0.0,0.0,7.43,31.9,313.4,0.095,1.0,3.74,3.74
Female,0.0,0.0,7.18,18.6,351.1,0.107,0.276,3.44,3.61
Female,0.0,0.0,6.01,22.1,452.6,0.0608,1.0,3.62,3.81
Male,0.0,0.0,5.06,11.9,431.1,0.1568,0.276,3.22,1.38
Female,0.0,0.0,6.63,22.7,407.8,0.2347,0.897,4.0,4.0
